<?xml version="1.0" encoding="utf-8" ?>
<Defs>

	<ThingDef ParentName="BasePawn" Name="BlackPlague_BasePawnTuurngait" Abstract="True">
		<tools>
		  <li>
			<label>left fist</label>
			<capacities>
			  <li>Blunt</li>
			</capacities>
			<power>8.2</power>
			<cooldownTime>2</cooldownTime>
			<linkedBodyPartsGroup>LeftHand</linkedBodyPartsGroup>
			<surpriseAttack>
			  <extraMeleeDamages>
				<li>
				  <def>Stun</def>
				  <amount>14</amount>
				</li>
			  </extraMeleeDamages>
			</surpriseAttack>
		  </li>
		  <li>
			<label>right fist</label>
			<capacities>
			  <li>Blunt</li>
			</capacities>
			<power>8.2</power>
			<cooldownTime>2</cooldownTime>
			<linkedBodyPartsGroup>RightHand</linkedBodyPartsGroup>
			<surpriseAttack>
			  <extraMeleeDamages>
				<li>
				  <def>Stun</def>
				  <amount>14</amount>
				</li>
			  </extraMeleeDamages>
			</surpriseAttack>
		  </li>
		  <li>
			<label>teeth</label>
			<capacities>
			  <li>Bite</li>
			</capacities>
			<power>8.2</power>
			<cooldownTime>2</cooldownTime>
			<linkedBodyPartsGroup>Teeth</linkedBodyPartsGroup>
			<chanceFactor>0.07</chanceFactor>
		  </li>
		  <li>
			<label>head</label>
			<capacities>
			  <li>Blunt</li>
			</capacities>
			<power>5</power>
			<cooldownTime>2</cooldownTime>
			<linkedBodyPartsGroup>HeadAttackTool</linkedBodyPartsGroup>
			<ensureLinkedBodyPartsGroupAlwaysUsable>true</ensureLinkedBodyPartsGroupAlwaysUsable>
			<chanceFactor>0.2</chanceFactor>
		  </li>
		</tools>
		<statBases>
		  <LeatherAmount>75</LeatherAmount>
		</statBases>
		<race>
			<thinkTreeMain>Humanlike</thinkTreeMain>
			<thinkTreeConstant>HumanlikeConstant</thinkTreeConstant>
			<intelligence>Humanlike</intelligence>
			<makesFootprints>true</makesFootprints>
			<leatherDef>Leather_Human</leatherDef>	<!-- Possibly TODO -->
			<body>Human</body>
			<foodType>OmnivoreHuman</foodType>
			<baseBodySize>1</baseBodySize>
			<baseHealthScale>1</baseHealthScale>
			<gestationPeriodDays>45</gestationPeriodDays>
			<useMeatFrom>Human</useMeatFrom>
			<manhunterOnDamageChance>0.20</manhunterOnDamageChance>
			<manhunterOnTameFailChance>0.02</manhunterOnTameFailChance>
			<litterSizeCurve>
				<points>
				  <li>(0.5, 0)</li>
				  <li>(1, 1)</li>
				  <li>(1.01, 0.02)</li>
				  <li>(3.5, 0)</li>
				</points>
			</litterSizeCurve>
			<lifeStageAges>
				<li>
				  <def>HumanlikeBaby</def>
				  <minAge>0</minAge>
				</li>
				<li>
				  <def>HumanlikeToddler</def>
				  <minAge>1.2</minAge>
				</li>
				<li>
				  <def>HumanlikeChild</def>
				  <minAge>4</minAge>
				</li>
				<li>
				  <def>HumanlikeTeenager</def>
				  <minAge>13</minAge>
				</li>
				<li>
				  <def>HumanlikeAdult</def>
				  <minAge>18</minAge>
				</li>
			</lifeStageAges>
			<soundMeleeHitPawn>Pawn_Melee_Punch_HitPawn</soundMeleeHitPawn>
			<soundMeleeHitBuilding>Pawn_Melee_Punch_HitBuilding</soundMeleeHitBuilding>
			<soundMeleeMiss>Pawn_Melee_Punch_Miss</soundMeleeMiss>
			<specialShadowData>
				<volume>(0.3, 0.8, 0.4)</volume>
				<offset>(0,0,-0.3)</offset>
			</specialShadowData>
			<ageGenerationCurve>
				<points>
				  <li>(14,0)</li>
				  <li>(20,100)</li>
				  <li>(50,100)</li>
				  <li>(60,30)</li>
				  <li>(70,18)</li>
				  <li>(80,10)</li>
				  <li>(90,10)</li>
				  <li>(100,10)</li>
				  <li>(200,0)</li>
				</points>
			</ageGenerationCurve>
			<hediffGiverSets>
				<li>OrganicStandard</li>
				<li>Human</li>
			</hediffGiverSets>
		</race>
		<ingredient>
		  <mergeCompatibilityTags>
			<li>HumanMeat</li>
		  </mergeCompatibilityTags>
		</ingredient>
	</ThingDef>

</Defs>