<?xml version="1.0" encoding="utf-8" ?>
<Defs>

	<AlienRace.ThingDef_AlienRace ParentName="BlackPlague_BasePawnTuurngait">
		<defName>BlackPlague_TuurngaitRace</defName>
		<label>Tuurngait</label>
		<description>Victims of the Tuurngait virus, likely infected through frequent use of a Persona Tardus. The virus results in drastic physical and mental changes, usually morphing the victim into a singular consistent form.\n\nTuurngait themselves are effectively mindless vessels, displaying little intelligence. However, they are all connected by the Hivemind, obediently following its orders.\n\nTuurngait often display traits of their former selves, though usually not to their fullest. Much of their previous life is lost during rebirth, with only scattered fragments remaining in their consciousness.\n\nThe death of Tuurngait drastically weakens the Hivemind for a period of time, causing connected Tuurngait severe mental pain.</description>
		<modExtensions>
	
		</modExtensions>
		
		<comps>

		</comps>
		
		<statBases>
			  <MarketValue>1600</MarketValue>

			  <ComfyTemperatureMin>-20</ComfyTemperatureMin>
			  <ComfyTemperatureMax>30</ComfyTemperatureMax>
			  <PsychicSensitivity>1.5</PsychicSensitivity>
			  <ImmunityGainSpeed>2</ImmunityGainSpeed>
			  <InjuryHealingFactor>2.0</InjuryHealingFactor>
			  <GlobalLearningFactor>0.7</GlobalLearningFactor>
			
			  <ToxicSensitivity>0.25</ToxicSensitivity>
			  <SocialImpact>0.2</SocialImpact>
			  
			  <PawnBeauty>-5</PawnBeauty>

			  <RoyalFavorValue>1</RoyalFavorValue>
		</statBases>

		<race>
			<hasGenders>false</hasGenders>
			<deathActionWorkerClass>Mashed_BlackPlague.DeathActionWorker_Tuurngait</deathActionWorkerClass>
			<nameGenerator>NamerPersonCorunan</nameGenerator>
			<lifeExpectancy>500</lifeExpectancy>
			<baseHealthScale>1.5</baseHealthScale>
			<baseHungerRate>0.7</baseHungerRate>
		</race>
	
		<alienRace>
			<generalSettings>

				<forcedRaceTraitEntries>
				</forcedRaceTraitEntries>
				<disallowedTraits>
					
				</disallowedTraits>
				<allowHumanBios>false</allowHumanBios>
				<humanRecipeImport>true</humanRecipeImport>
				<alienPartGenerator>
					<aliencrowntypes>
						<li>BlackPlague_TurrngaitHead</li>
					</aliencrowntypes>
					<alienbodytypes>
						<li>Male</li>
					</alienbodytypes>
					<useGenderedHeads>false</useGenderedHeads>
					<useGenderedBodies>false</useGenderedBodies>
					<!-- colour stuff -->
					<colorChannels>
					<li>
					<name>skin</name>
					<first Class="ColorGenerator_Options">
						<options>
							<!-- baseline colour -->
							<li>
								<weight>5</weight>
								<only>(249,239,224,255)</only>
							</li>
							<li>
								<weight>3</weight>
								<only>(249,212,212,255)</only>
							</li>
							<!-- darker -->
							<li>
								<weight>2</weight>
								<only>(218,211,219,255)</only>
							</li>
							<li>
								<weight>2</weight>
								<only>(228,211,212,255)</only>
							</li>
							<li>
								<weight>2</weight>
								<only>(208,202,203,255)</only>
							</li>
							<!-- the gross brown colour -->
							<li>
								<weight>1</weight>
								<only>(142,116,76,255)</only>
							</li>
						</options>
					</first>
					<second Class="ColorGenerator_Options">
						<options>
							<!-- red -->
							<li>
								<weight>2</weight>
								<only>(113,70,51,255)</only>
							</li>
							<li>
								<weight>2</weight>
								<only>(134,107,94,255)</only>
							</li>
							<li>
								<weight>2</weight>
								<only>(93,53,35,255)</only>
							</li>
							<li>
								<weight>2</weight>
								<only>(99,42,25,255)</only>
							</li>
							<li>
								<weight>2</weight>
								<only>(56,22,14,255)</only>
							</li>
						
						</options>
					</second>
					</li>
					</colorChannels>
				</alienPartGenerator>
				
			</generalSettings>
			
			<graphicPaths>
				<li>
					<body>Things/Pawn/Humanlike/BlackPlague_Tuurngait/Body/</body>
					<head>Things/Pawn/Humanlike/BlackPlague_Tuurngait/Head/</head>
					<headMasks>Things/Pawn/Humanlike/BlackPlague_Tuurngait/HeadMask/Mask</headMasks>

					<!--<skeleton>Things/Pawn/Humanlike/BlackPlague_Tuurngait/Dessicated/</skeleton>-->
					<!--<skull></skull>-->

				</li>
			</graphicPaths>

			<!--<pawnKindSettings>

			</pawnKindSettings>-->
			
			<thoughtSettings>
				<canStillReceiveThoughts>
					<!-- Special -->
					<li>BlackPlague_TuurngaitHivemindThought</li>
					<li>BlackPlague_TuurngaitConnectionLost</li>
					<li>BlackPlague_TuurngaitOpinion</li>
					<!-- Positive -->
					<li>PsychicEmanatorSoothe</li>
					<li>ArtifactMoodBoost</li>
					<li>Joywire</li>
					<!-- Sitiuational negative -->
					<li>NeedFood</li>
					<li>NeedRest</li>
					<li>NeedRoomSize</li>
					<li>NeedOutdoors</li>
					<li>NeedIndoors</li>
					<li>DrugDesireFascination</li>
					<li>EnvironmentCold</li>
					<li>EnvironmentHot</li>
					<li>Pain</li>
					<li>Sick</li>
					<li>PsychicDrone</li>

					<!-- Royalty Thoughts -->
					<li MayRequire="Ludeon.RimWorld.Royalty">PsychicEntropyOverloaded</li>
					<li MayRequire="Ludeon.RimWorld.Royalty">AnimaScream</li>
					<li MayRequire="Ludeon.RimWorld.Royalty">Joyfuzz</li>
					<!-- Ideology Thoughts -->
					<li MayRequire="Ludeon.RimWorld.Ideology">ConnectedTreeDied</li>
					<li MayRequire="Ludeon.RimWorld.Ideology">PsychicArchotechEmanator_Major</li>
					<li MayRequire="Ludeon.RimWorld.Ideology">PsychicArchotechEmanator_Grand</li>
					<li MayRequire="Ludeon.RimWorld.Ideology">PsychicArchotechEmanator_Core</li>
				</canStillReceiveThoughts>
				<cannotReceiveThoughtsAtAll>true</cannotReceiveThoughtsAtAll>
			</thoughtSettings>
			
			<relationSettings>
				<relationChanceModifierLover>0</relationChanceModifierLover>
				<relationChanceModifierExLover>0</relationChanceModifierExLover>
				<relationChanceModifierFiance>0</relationChanceModifierFiance>
				<relationChanceModifierSpouse>0</relationChanceModifierSpouse>
				<relationChanceModifierExSpouse>0</relationChanceModifierExSpouse>
				<relationChanceModifierParent>0</relationChanceModifierParent>
				<relationChanceModifierChild>0</relationChanceModifierChild>
				<relationChanceModifierSibling>0</relationChanceModifierSibling>
			</relationSettings>
			
			<raceRestriction>

				<traitList>

				</traitList> 
				
				<conceptList>

				</conceptList>
			</raceRestriction>
			
			<compatibility>
				<isFlesh>true</isFlesh>
				<isSentient>true</isSentient>
				<hasBlood>true</hasBlood>
			</compatibility>
			
			<!-- New in 1.3 -->
			
			<styleSettings>

				<li>
					<key>HairDef</key>
					<value>
						<hasStyle>false</hasStyle>
					</value>
				</li>
				<li>
					<key>TattooDef</key>
					<value>
						<hasStyle>false</hasStyle>
					</value>
				</li>
				<li>
					<key>BeardDef</key>
					<value>
						<hasStyle>false</hasStyle>
					</value>
				</li>

			</styleSettings>
			
		</alienRace>
	
	</AlienRace.ThingDef_AlienRace>
	
</Defs>