﻿<?xml version="1.0" encoding="utf-8" ?>
<Defs>

	<ThoughtDef>
		<defName>BlackPlague_TouchedVessel</defName>
		<durationDays>1</durationDays>
		<doNotApplyToQuestLodgers>true</doNotApplyToQuestLodgers>
		<stages>
		  <li>
			<label>touched Persona Tardus</label>
			<description>Strange, I feel as if a weight has been lifted off my shoulders, but I don't know what it was.</description>
			<baseMoodEffect>10</baseMoodEffect>
		  </li>
		</stages>
	</ThoughtDef>
	
	<ThoughtDef>
		<defName>BlackPlague_TouchedVessel_Infected</defName>
		<durationDays>3</durationDays>
		<doNotApplyToQuestLodgers>true</doNotApplyToQuestLodgers>
		<stages>
		  <li>
			<label>strange feeling</label>
			<description>Something feels wrong, I don't feel like myself anymore.</description>
			<baseMoodEffect>-10</baseMoodEffect>
		  </li>
		</stages>
	</ThoughtDef>

	<ThoughtDef>
		<defName>BlackPlague_TuurngaitConnectionLost</defName>
		<durationDays>15</durationDays>
		<stackLimit>15</stackLimit>
		<doNotApplyToQuestLodgers>true</doNotApplyToQuestLodgers>
		<stages>
		  <li>
			<label>connection lost</label>
			<description>The silence! The pain! One of us is gone!</description>
			<baseMoodEffect>-20</baseMoodEffect>
		  </li>
		</stages>
	</ThoughtDef>

</Defs>
