﻿<?xml version="1.0" encoding="utf-8"?>
<ModMetaData>
	<name>RimWorld - Black Plague</name>
	<packageId>SirMashedPotato.BlackPlague</packageId>
	<author>SirMashedPotato</author>
	<supportedVersions>
    	<li>1.3</li>
	</supportedVersions>
	<description>Adds in the Tuurngait from the Penumbra series, by Frictional Games.
	</description>
	<modDependencies>
	  <li>
        <packageId>brrainz.harmony</packageId>
		<displayName>Harmony</displayName>
		<steamWorkshopUrl>steam://url/CommunityFilePage/2009463077</steamWorkshopUrl>
		<downloadUrl>https://github.com/pardeike/HarmonyRimWorld/releases/latest</downloadUrl>
      </li>
      <li>
        <packageId>erdelf.HumanoidAlienRaces</packageId>
        <displayName>Humanoid Alien Races 2.0 </displayName>
        <steamWorkshopUrl>steam://url/CommunityFilePage/839005762</steamWorkshopUrl>
      </li>
    </modDependencies>
	<loadAfter>
	  <li>brrainz.harmony</li>
      <li>Ludeon.RimWorld</li>
      <li>Ludeon.RimWorld.Ideology</li>
	  <li>Ludeon.RimWorld.Royalty</li>
      <li>erdelf.HumanoidAlienRaces</li>
	  <li>SirMashedPotato.ESCP.RaceTools</li>
	  <li>OskarPotocki.VanillaFactionsExpanded.Core</li>
    </loadAfter>
	<loadBefore>
	</loadBefore>
	<incompatibleWith>
    </incompatibleWith>

</ModMetaData>