<?xml version="1.0" encoding="utf-8" ?>
<Defs>
 
	<HediffDef>
		<defName>BlackPlague_TuurngaitVirus</defName>
		<hediffClass>HediffWithComps</hediffClass>
		<label>Tuurngait virus</label>
		<description>Likely nothing more than a rash. Named after the location it was first documented at, the Tuurngait tomb.\n\nSome speculate it may be linked to use of a Persona Tardus.</description>
		<defaultLabelColor>(1,1,0.5)</defaultLabelColor>
		<scenarioCanAdd>true</scenarioCanAdd>
		<maxSeverity>1.0</maxSeverity>
		<isBad>true</isBad>
		<comps>
		  <li Class="HediffCompProperties_Immunizable">
				<severityPerDayNotImmune>1.0</severityPerDayNotImmune>
		  </li>
		  <li>
			<compClass>Mashed_BlackPlague.HediffComp_TuurngaitVirus</compClass>
		  </li>
		</comps>
		<stages>
		  <li>
			<label>initial</label>
			<painOffset>0.05</painOffset>
			<becomeVisible>false</becomeVisible>
		  </li>
		  <li>
			<label>initial</label>
			<minSeverity>0.10</minSeverity>
			<painOffset>0.05</painOffset>
			<becomeVisible>true</becomeVisible>
		  </li>
		  <li>
			<label>moderate</label>
			<minSeverity>0.30</minSeverity>
			<painOffset>0.10</painOffset>
			<becomeVisible>false</becomeVisible>
		  </li>
		  <li>
			<label>Severe</label>
			<minSeverity>0.60</minSeverity>
			<painOffset>0.20</painOffset>
			<becomeVisible>false</becomeVisible>
		  </li>
		</stages>
  </HediffDef>

</Defs>